-- phpMyAdmin SQL Dump
-- version phpStudy 2014
-- http://www.phpmyadmin.net
--
-- 主机: localhost
-- 生成日期: 2018 年 12 月 05 日 11:15
-- 服务器版本: 5.5.53
-- PHP 版本: 5.4.45

SET SQL_MODE="NO_AUTO_VALUE_ON_ZERO";
SET time_zone = "+00:00";


/*!40101 SET @OLD_CHARACTER_SET_CLIENT=@@CHARACTER_SET_CLIENT */;
/*!40101 SET @OLD_CHARACTER_SET_RESULTS=@@CHARACTER_SET_RESULTS */;
/*!40101 SET @OLD_COLLATION_CONNECTION=@@COLLATION_CONNECTION */;
/*!40101 SET NAMES utf8 */;

--
-- 数据库: `carsinfo`
--

-- --------------------------------------------------------

--
-- 表的结构 `clxx`
--

CREATE TABLE IF NOT EXISTS `clxx` (
  `Cid` varchar(20) NOT NULL,
  `Fid` varchar(20) DEFAULT NULL,
  `Chj` varchar(20) DEFAULT NULL,
  `Chrq` varchar(30) NOT NULL,
  `Zzh` char(20) DEFAULT NULL,
  `zw` char(20) DEFAULT NULL,
  PRIMARY KEY (`Cid`)
) ENGINE=MyISAM DEFAULT CHARSET=utf8;

--
-- 转存表中的数据 `clxx`
--

INSERT INTO `clxx` (`Cid`, `Fid`, `Chj`, `Chrq`, `Zzh`, `zw`) VALUES
('粤S88881', 'E111111111111', '广东省东莞市长安保时捷旗舰店', '2017-12-12', '20.5', '4'),
('粤S88882', 'E111111111112', '广东省东莞市长安保时捷旗舰店', '2017-12-13', '20.5', '4'),
('粤S88883', 'E111111111113', '广东省东莞市长安保时捷旗舰店', '2017-12-14', '20.5', '4'),
('粤S88884', 'E111111111114', '广东省东莞市长安保时捷旗舰店', '2017-12-15', '20.5', '4'),
('粤S88885', 'E111111111115', '广东省东莞市长安保时捷旗舰店', '2017-12-16', '20.5', '4'),
('粤S88886', 'E111111111116', '广东省东莞市长安保时捷旗舰店', '2017-12-17', '20.5', '4'),
('粤S88887', 'E111111111117', '广东省东莞市长安保时捷旗舰店', '2017-12-18', '20.5', '4'),
('粤S88888', 'E111111111118', '广东省东莞市长安保时捷旗舰店', '2017-12-19', '20.5', '4'),
('粤S88889', 'E111111111119', '广东省东莞市长安保时捷旗舰店', '2017-12-20', '20.5', '4'),
('粤S888810', 'E1111111111110', '广东省东莞市长安保时捷旗舰店', '2017-12-21', '20.5', '4'),
('粤S888811', 'E1111111111111', '广东省东莞市长安保时捷旗舰店', '2017-12-22', '20.5', '4'),
('粤S888812', 'E1111111111112', '广东省东莞市长安保时捷旗舰店', '2017-12-23', '20.5', '4'),
('粤S888813', 'E1111111111113', '广东省东莞市长安保时捷旗舰店', '2017-12-12', '20.5', '4'),
('粤S888814', 'E1111111111114', '广东省东莞市长安保时捷旗舰店', '2017-12-12', '20.5', '4'),
('粤S888815', 'E1111111111115', '广东省东莞市长安保时捷旗舰店', '2017-12-12', '20.5', '4'),
('粤S888816', 'E1111111111116', '广东省东莞市长安保时捷旗舰店', '2017-12-12', '20.5', '4'),
('粤S888817', 'E1111111111117', '广东省东莞市长安保时捷旗舰店', '2017-12-12', '20.5', '4'),
('粤S888818', 'E1111111111118', '广东省东莞市长安保时捷旗舰店', '2017-12-12', '20.5', '4'),
('粤S888819', 'E1111111111119', '广东省东莞市长安保时捷旗舰店', '2017-12-12', '20.5', '4'),
('粤S888820', 'E1111111111120', '广东省东莞市长安保时捷旗舰店', '2017-12-12', '20.5', '4'),
('粤S888821', 'E1111111111121', '广东省东莞市长安保时捷旗舰店', '2017-12-12', '20.5', '4'),
('粤S888822', 'E1111111111122', '广东省东莞市长安保时捷旗舰店', '2017-12-12', '20.5', '4'),
('粤S888823', 'E1111111111123', '广东省东莞市长安保时捷旗舰店', '2017-12-12', '20.5', '4'),
('粤S888824', 'E1111111111124', '广东省东莞市长安保时捷旗舰店', '2017-12-12', '20.5', '4'),
('粤S888825', 'E1111111111125', '广东省东莞市长安保时捷旗舰店', '2017-12-12', '20.5', '4'),
('粤S888826', 'E1111111111126', '广东省东莞市长安保时捷旗舰店', '2017-12-12', '20.5', '4'),
('粤S888827', 'E1111111111127', '广东省东莞市长安保时捷旗舰店', '2017-12-12', '20.5', '4'),
('粤S888828', 'E1111111111128', '广东省东莞市长安保时捷旗舰店', '2017-12-12', '20.5', '4'),
('粤S888829', 'E1111111111129', '广东省东莞市长安保时捷旗舰店', '2017-12-12', '20.5', '4'),
('粤S888830', 'E1111111111130', '广东省东莞市长安保时捷旗舰店', '2017-12-12', '20.5', '4'),
('粤S888831', 'E1111111111131', '广东省东莞市长安保时捷旗舰店', '2017-12-12', '20.5', '4'),
('粤S888832', 'E1111111111132', '广东省东莞市长安保时捷旗舰店', '2017-12-12', '20.5', '4'),
('粤S888833', 'E1111111111133', '广东省东莞市长安保时捷旗舰店', '2017-12-12', '20.5', '4'),
('粤S888834', 'E1111111111134', '广东省东莞市长安保时捷旗舰店', '2017-12-12', '20.5', '4'),
('粤S888835', 'E1111111111135', '广东省东莞市长安保时捷旗舰店', '2017-12-12', '20.5', '4'),
('粤S888836', 'E1111111111136', '广东省东莞市长安保时捷旗舰店', '2017-12-12', '20.5', '4'),
('粤S888837', 'E1111111111137', '广东省东莞市长安保时捷旗舰店', '2017-12-12', '20.5', '4'),
('粤S888838', 'E1111111111138', '广东省东莞市长安保时捷旗舰店', '2017-12-12', '20.5', '4'),
('粤S888839', 'E1111111111139', '广东省东莞市长安保时捷旗舰店', '2017-12-12', '20.5', '4'),
('粤S888840', 'E1111111111140', '广东省东莞市长安保时捷旗舰店', '2017-12-12', '20.5', '4'),
('粤S888841', 'E1111111111141', '广东省东莞市长安保时捷旗舰店', '2017-12-12', '20.5', '4');

-- --------------------------------------------------------

--
-- 表的结构 `session`
--

CREATE TABLE IF NOT EXISTS `session` (
  `sess_id` varchar(50) NOT NULL,
  `sess_content` varchar(100) NOT NULL,
  `LastTime` int(11) NOT NULL DEFAULT '0',
  PRIMARY KEY (`sess_id`)
) ENGINE=MyISAM DEFAULT CHARSET=utf8;

-- --------------------------------------------------------

--
-- 表的结构 `sgxx`
--

CREATE TABLE IF NOT EXISTS `sgxx` (
  `Gid` varchar(20) NOT NULL,
  `Cid` varchar(20) NOT NULL,
  `Sid` varchar(20) NOT NULL,
  `Grq` varchar(30) NOT NULL,
  `Gaddress` varchar(30) DEFAULT NULL,
  `Yy` varchar(40) DEFAULT NULL,
  `Je` char(20) DEFAULT NULL,
  PRIMARY KEY (`Gid`)
) ENGINE=MyISAM DEFAULT CHARSET=utf8;

--
-- 转存表中的数据 `sgxx`
--

INSERT INTO `sgxx` (`Gid`, `Cid`, `Sid`, `Grq`, `Gaddress`, `Yy`, `Je`) VALUES
('SG00001', '粤S88881', 'S0001', '2017-05-03', '广东省东莞市', '被一辆宝马漂移撞到', '1000'),
('SG00002', '粤S88882', 'S0002', '2017-05-03', '广东省珠海市', '被一辆宝马漂移撞到', '1500'),
('SG00003', '粤S88883', 'S0003', '2017-05-03', '广东省珠海市', '被一辆宝马漂移撞到', '9000'),
('SG00004', '粤S88884', 'S0004', '2017-05-03', '广东省珠海市', '被一辆宝马漂移撞到', '3000'),
('SG00005', '粤S88885', 'S0005', '2017-05-03', '广东省珠海市', '被一辆宝马漂移撞到', '10000'),
('SG00006', '粤S88886', 'S0006', '2017-05-03', '广东省珠海市', '被一辆宝马漂移撞到', '10000'),
('SG00007', '粤S88887', 'S0007', '2017-05-03', '广东省珠海市', '被一辆宝马漂移撞到', '10000'),
('SG00008', '粤S88888', 'S0008', '2017-05-03', '广东省珠海市', '被一辆宝马漂移撞到', '10004'),
('SG00009', '粤S88889', 'S0009', '2017-05-03', '广东省珠海市', '被一辆宝马漂移撞到', '9000'),
('S00011', '粤S88881', 'S0001', '2017-05-03', '广东省深圳市', '被一辆保时捷漂移撞到', '9000'),
('S00012', '粤S88882', 'S0002', '2017-05-03', '广东省深圳市', '被一辆保时捷漂移撞到', '10000'),
('S00013', '粤S88883', 'S0003', '2017-06-03', '广东省深圳市', '被一辆保时捷漂移撞到', '9000'),
('S00014', '粤S88884', 'S0004', '2017-06-03', '广东省深圳市', '被一辆保时捷漂移撞到', '9000'),
('S00015', '粤S88885', 'S0005', '2017-06-03', '广东省深圳市', '被一辆保时捷漂移撞到', '10000'),
('S00016', '粤S88886', 'S0006', '2017-06-03', '广东省深圳市', '被一辆保时捷漂移撞到', '10000'),
('S00017', '粤S88887', 'S0007', '2017-06-03', '广东省深圳市', '被一辆保时捷漂移撞到', '10000'),
('S00018', '粤S88888', 'S0008', '2017-06-03', '广东省深圳市', '被一辆保时捷漂移撞到', '10000'),
('S00019', '粤S88889', 'S0009', '2017-06-03', '广东省深圳市', '被一辆保时捷漂移撞到', '9000'),
('S00020', '粤S88889', 'S0010', '2017-06-03', '广东省深圳市', '被一辆保时捷漂移撞到', '9000'),
('S00021', '粤S88881', 'S0001', '2017-07-03', '广东省广州市', '被一辆本田漂移撞到', '9000'),
('S00022', '粤S88882', 'S0002', '2017-07-03', '广东省广州市', '被一辆本田漂移撞到', '10000'),
('S00023', '粤S88883', 'S0003', '2017-07-03', '广东省广州市', '被一辆本田漂移撞到', '9000'),
('S00024', '粤S88884', 'S0004', '2017-07-03', '广东省广州市', '被一辆本田漂移撞到', '9000'),
('S00025', '粤S88885', 'S0005', '2017-07-03', '广东省广州市', '被一辆本田漂移撞到', '10000'),
('S00026', '粤S88886', 'S0006', '2017-07-03', '广东省广州市', '被一辆本田漂移撞到', '10000'),
('S00027', '粤S88887', 'S0007', '2017-07-03', '广东省广州市', '被一辆本田漂移撞到', '10000'),
('S00028', '粤S88888', 'S0008', '2017-07-03', '广东省广州市', '被一辆本田漂移撞到', '10000'),
('S00029', '粤S88889', 'S0009', '2017-07-03', '广东省广州市', '被一辆本田漂移撞到', '9000'),
('S00030', '粤S88889', 'S0010', '2017-07-03', '广东省广州市', '被一辆本田漂移撞到', '9000'),
('S00031', '粤S88881', 'S0001', '2017-08-03', '广东省东莞市', '被一辆丰田漂移撞到', '9000'),
('S00032', '粤S88882', 'S0002', '2017-08-03', '广东省东莞市', '被一辆丰田漂移撞到', '10000'),
('S00033', '粤S88883', 'S0003', '2017-08-03', '广东省东莞市', '被一辆丰田漂移撞到', '9000'),
('S00034', '粤S88884', 'S0004', '2017-08-03', '广东省东莞市', '被一辆丰田漂移撞到', '9000'),
('S00035', '粤S88885', 'S0005', '2017-08-03', '广东省东莞市', '被一辆丰田漂移撞到', '10000'),
('S00036', '粤S88886', 'S0006', '2017-08-03', '广东省东莞市', '被一辆丰田漂移撞到', '10000'),
('S00037', '粤S88887', 'S0007', '2017-08-03', '广东省东莞市', '被一辆丰田漂移撞到', '10000'),
('S00038', '粤S88888', 'S0008', '2017-08-03', '广东省东莞市', '被一辆丰田漂移撞到', '10000'),
('S00039', '粤S88889', 'S0009', '2017-08-03', '广东省东莞市', '被一辆丰田漂移撞到', '9000'),
('S00040', '粤S88889', 'S0010', '2017-08-03', '广东省东莞市', '被一辆丰田漂移撞到', '9000'),
('SG00010', '粤S88889', 'S0010', '2017-05-03', '广东省珠海市', '被一辆宝马漂移撞到', '9000');

-- --------------------------------------------------------

--
-- 表的结构 `sjxx`
--

CREATE TABLE IF NOT EXISTS `sjxx` (
  `Sid` varchar(20) NOT NULL,
  `Cid` varchar(20) DEFAULT NULL,
  `Sname` varchar(20) DEFAULT NULL,
  `Sex` varchar(8) DEFAULT NULL,
  `Sfid` char(20) DEFAULT NULL,
  `Phone` char(20) DEFAULT NULL,
  `Saddress` varchar(30) DEFAULT NULL,
  PRIMARY KEY (`Sid`)
) ENGINE=MyISAM DEFAULT CHARSET=utf8;

--
-- 转存表中的数据 `sjxx`
--

INSERT INTO `sjxx` (`Sid`, `Cid`, `Sname`, `Sex`, `Sfid`, `Phone`, `Saddress`) VALUES
('S0001', '粤S88881', '司机大哥1', '男', '445281201712120621', '15622888881', '广东省东莞市东城区'),
('S0002', '粤S88882', '司机大哥2', '男', '445281201712120622', '15622888882', '广东省东莞市东城区'),
('S0003', '粤S88883', '司机大哥3', '男', '445281201712120623', '15622888883', '广东省东莞市东城区'),
('S0004', '粤S88884', '司机大哥4', '男', '445281201712120624', '15622888884', '广东省东莞市东城区'),
('S0005', '粤S88885', '司机5', '女', '445281201712120625', '15622888885', '广东省东莞市东城区'),
('S0006', '粤S88886', '司机大哥6', '男', '445281201712120626', '15622888886', '广东省东莞市东城区'),
('S0007', '粤S88887', '司机7', '女', '445281201712120627', '15622888887', '广东省东莞市东城区'),
('S0008', '粤S88888', '司机大哥8', '男', '445281201712120628', '15622888888', '广东省东莞市东城区'),
('S0009', '粤S88889', '司机大哥9', '男', '445281201712120629', '15622888889', '广东省东莞市东城区'),
('S00010', '粤S888810', '司机大哥10', '男', '445281201712120630', '15622888810', '广东省东莞市东城区'),
('S00011', '粤S888811', '司机大哥11', '男', '445281201712120631', '15622888811', '广东省东莞市东城区'),
('S00012', '粤S888812', '司机大哥12', '男', '445281201712120632', '15622888812', '广东省东莞市东城区'),
('S00013', '粤S888813', '司机大哥13', '男', '445281201712120633', '15622888813', '广东省东莞市东城区'),
('S00014', '粤S888814', '司机大哥14', '男', '445281201712120634', '15622888814', '广东省东莞市东城区'),
('S00015', '粤S888815', '司机大哥15', '男', '445281201712120635', '15622888815', '广东省东莞市东城区'),
('S00016', '粤S888816', '司机大哥16', '男', '445281201712120636', '15622888816', '广东省东莞市东城区'),
('S00017', '粤S888817', '司机大哥17', '男', '445281201712120637', '15622888817', '广东省东莞市东城区'),
('S00018', '粤S888818', '司机大哥18', '男', '445281201712120638', '15622888818', '广东省东莞市东城区'),
('S00019', '粤S888819', '司机大哥19', '男', '445281201712120639', '15622888819', '广东省东莞市东城区'),
('S00020', '粤S888820', '司机大哥20', '男', '445281201712120640', '15622888820', '广东省东莞市东城区'),
('S00021', '粤S888821', '司机大哥21', '男', '445281201712120641', '15622888821', '广东省东莞市东城区'),
('S00022', '粤S888822', '司机大哥22', '男', '445281201712120642', '15622888822', '广东省东莞市东城区'),
('S00023', '粤S888823', '司机大哥23', '男', '445281201712120643', '15622888823', '广东省东莞市东城区'),
('S00024', '粤S888824', '司机24', '女', '445281201712120644', '15622888824', '广东省东莞市东城区'),
('S00025', '粤S888825', '司机大哥25', '男', '445281201712120645', '15622888888', '广东省东莞市东城区'),
('S00026', '粤S888826', '司机大哥26', '男', '445281201712120656', '15622888888', '广东省东莞市东城区'),
('S00027', '粤S888827', '司机大哥27', '男', '445281201712120657', '15622888888', '广东省东莞市东城区'),
('S00028', '粤S888828', '司机大哥28', '女', '445281201712120658', '15622888888', '广东省东莞市东城区'),
('S00029', '粤S888829', '司机大哥29', '男', '445281201712220626', '15622888888', '广东省东莞市东城区'),
('S00030', '粤S888830', '司机大哥30', '男', '445281201712120626', '15622888888', '广东省东莞市东城区'),
('S00031', '粤S888831', '司机31', '女', '445281201712120626', '15622888888', '广东省东莞市东城区'),
('S00032', '粤S888832', '司机大哥32', '男', '445281201712120626', '15622888888', '广东省东莞市东城区'),
('S00033', '粤S888833', '司机大哥33', '男', '445281201712120626', '15622831888', '广东省东莞市东城区'),
('S00034', '粤S888834', '司机大哥34', '男', '4452812017121120626', '156228118888', '广东省东莞市东城区'),
('S00035', '粤S888835', '司机大哥35', '男', '445281201712120626', '156228843888', '广东省东莞市东城区'),
('S00036', '粤S888836', '司机大哥36', '男', '4452812017188120626', '15622888888', '广东省东莞市东城区'),
('S00037', '粤S888837', '司机37', '女', '445281201712120626', '15622888888', '广东省东莞市东城区'),
('S00038', '粤S888838', '司机大哥38', '男', '445281201712120626', '15622888888', '广东省东莞市东城区'),
('S00039', '粤S888839', '司机大哥39', '男', '445281201712120626', '156228887588', '广东省东莞市东城区'),
('S00040', '粤S888840', '司机大哥40', '男', '445281201712120626', '156228882288', '广东省东莞市东城区');

-- --------------------------------------------------------

--
-- 表的结构 `users`
--

CREATE TABLE IF NOT EXISTS `users` (
  `uname` varchar(20) NOT NULL,
  `upswd` varchar(64) NOT NULL,
  `Img` varchar(100) DEFAULT NULL,
  PRIMARY KEY (`uname`)
) ENGINE=MyISAM DEFAULT CHARSET=utf8;

--
-- 转存表中的数据 `users`
--

INSERT INTO `users` (`uname`, `upswd`, `Img`) VALUES
('Admin', '202cb962ac59075b964b07152d234b70', ''),
('SteffenKong', '202cb962ac59075b964b07152d234b70', './public/2018JunMonth/Img_5b14ac5e4b9cb4.74971389.jpg'),
('hzb', '202cb962ac59075b964b07152d234b70', NULL);

-- --------------------------------------------------------

--
-- 表的结构 `wxxx`
--

CREATE TABLE IF NOT EXISTS `wxxx` (
  `Wid` varchar(20) NOT NULL,
  `Cid` varchar(20) DEFAULT NULL,
  `Nr` varchar(30) DEFAULT NULL,
  `Fy` varchar(20) DEFAULT NULL,
  `wrq` varchar(30) NOT NULL,
  `Waddress` varchar(30) DEFAULT NULL,
  PRIMARY KEY (`Wid`)
) ENGINE=MyISAM DEFAULT CHARSET=utf8;

--
-- 转存表中的数据 `wxxx`
--

INSERT INTO `wxxx` (`Wid`, `Cid`, `Nr`, `Fy`, `wrq`, `Waddress`) VALUES
('S00001', '粤S88881', '保险杆撞坏,车灯坏', '3500', '2017-12-12', '广东省东莞市东城区'),
('S00002', '粤S88882', '保险杆撞坏,车灯坏', '20000', '2017-12-12', '广东省东莞市东城区'),
('S00003', '粤S88883', '保险杆撞坏,车灯坏', '20000', '2017-12-12', '广东省东莞市东城区'),
('S00004', '粤S88884', '保险杆撞坏,车灯坏', '20000', '2017-12-12', '广东省东莞市东城区'),
('S00005', '粤S88885', '保险杆撞坏,车灯坏', '30000', '2017-12-12', '广东省东莞市东城区'),
('S00006', '粤S88886', '保险杆撞坏,车灯坏', '20004', '2017-12-12', '广东省东莞市东城区'),
('S00007', '粤S88887', '保险杆撞坏,车灯坏', '1000', '2017-12-12', '广东省东莞市东城区'),
('S00008', '粤S88888', '保险杆撞坏,车灯坏', '2000', '2017-12-12', '广东省东莞市东城区'),
('S00009', '粤S88889', '保险杆撞坏,车灯坏', '2500', '2017-12-12', '广东省东莞市东城区'),
('S00010', '粤S88810', '保险杆撞坏,车灯坏', '3000', '2017-12-12', '广东省东莞市东城区'),
('S00011', '粤S88811', '保险杆撞坏,车灯坏', '3500', '2017-12-12', '广东省东莞市东城区'),
('S00012', '粤S88812', '保险杆撞坏,车灯坏', '3000', '2017-12-12', '广东省东莞市东城区'),
('S00013', '粤S88813', '保险杆撞坏,车灯坏', '600', '2017-12-12', '广东省东莞市东城区'),
('S00014', '粤S88814', '保险杆撞坏,车灯坏', '3000', '2017-12-12', '广东省东莞市东城区'),
('S00015', '粤S88815', '保险杆撞坏,车灯坏', '10000', '2017-12-12', '广东省东莞市东城区'),
('S00016', '粤S88816', '保险杆撞坏,车灯坏', '30000', '2017-12-12', '广东省东莞市东城区'),
('S00017', '粤S88817', '保险杆撞坏,车灯坏', '3500', '2017-12-12', '广东省东莞市东城区'),
('S00018', '粤S88818', '保险杆撞坏,车灯坏', '600', '2017-12-12', '广东省东莞市东城区'),
('S00019', '粤S88819', '保险杆撞坏,车灯坏', '3000', '2017-12-12', '广东省东莞市东城区'),
('S00020', '粤S88820', '保险杆撞坏,车灯坏', '600', '2017-12-12', '广东省东莞市东城区'),
('S00021', '粤S88821', '保险杆撞坏,车灯坏', '3500', '2017-12-12', '广东省东莞市东城区'),
('S00023', '粤S88823', '保险杆撞坏,车灯坏', '600', '2017-12-12', '广东省东莞市东城区'),
('S00024', '粤S88824', '保险杆撞坏,车灯坏', '3000', '2017-12-12', '广东省东莞市东城区'),
('S00025', '粤S88825', '保险杆撞坏,车灯坏', '600', '2017-12-12', '广东省东莞市东城区'),
('S00026', '粤S88826', '保险杆撞坏,车灯坏', '3500', '2017-12-12', '广东省东莞市东城区'),
('S00027', '粤S88827', '保险杆撞坏,车灯坏', '30000', '2017-12-12', '广东省东莞市东城区'),
('S00028', '粤S88828', '保险杆撞坏,车灯坏', '30000', '2017-12-12', '广东省东莞市东城区'),
('S00029', '粤S88829', '保险杆撞坏,车灯坏', '30000', '2017-12-12', '广东省东莞市东城区'),
('S00030', '粤S88830', '保险杆撞坏,车灯坏', '600', '2017-12-12', '广东省东莞市东城区'),
('S00031', '粤S88831', '保险杆撞坏,车灯坏', '600', '2017-12-12', '广东省东莞市东城区');

/*!40101 SET CHARACTER_SET_CLIENT=@OLD_CHARACTER_SET_CLIENT */;
/*!40101 SET CHARACTER_SET_RESULTS=@OLD_CHARACTER_SET_RESULTS */;
/*!40101 SET COLLATION_CONNECTION=@OLD_COLLATION_CONNECTION */;
